INTERCLASSE;CODE_UN;CODICIONE;NOME_CORSO;COD_CLASSE;DES_CLASSE;ID_COMUNE;COMUNE;ID_REGIONE_MACRO_ISTAT;REGIONE_MACRO_ISTAT;ID_CLASSE;DURATA;ANNO;CODICE;DESCRIZIONE;NUMERATORE;DENOMINATORE;INDICATORE;NUM_ATENEO;DEN_ATENEO;IND_ATENEO;NUM_ITA_NOTELE;DEN_ITA_NOTELE;IND_ITA_NOTELE;NUM_AREA_NOTELE;DEN_AREA_NOTELE;IND_AREA_NOTELE;
0;33;0320106203000001;Fisica;L-30;Scienze e tecnologie fisiche;032006;TRIESTE;2;NORD-EST;2030;3;2017;iC17;Percentuale di immatricolati (L, LM, LMCU) che si laureano entro un anno oltre la durata normale del corso nello stesso corso di studio**;36;77;,4675324675324675324675324675324675324675;0;0;0;25,54545454545454545454545454545454545455;64,43181818181818181818181818181818181818;,3964726631393298059964726631393298059966;35,5;77,4;,4586563307493540051679586563307493540052;
0;33;0320106203000001;Fisica;L-30;Scienze e tecnologie fisiche;032006;TRIESTE;2;NORD-EST;2030;3;2017;iC22;Percentuale di immatricolati (L, LM, LMCU) che si laureano, nel CdS, entro la durata normale del corso**;48;138;,3478260869565217391304347826086956521739;0;0;0;25,45454545454545454545454545454545454545;80,11363636363636363636363636363636363636;,3177304964539007092198581560283687943262;35,6;95,6;,3723849372384937238493723849372384937238;
0;33;0320106203000001;Fisica;L-30;Scienze e tecnologie fisiche;032006;TRIESTE;2;NORD-EST;2030;3;2017;iC24;Percentuale di abbandoni del CdS dopo N+1 anni**;26;77;,3376623376623376623376623376623376623377;0;0;0;25,68181818181818181818181818181818181818;64,43181818181818181818181818181818181818;,3985890652557319223985890652557319223986;28,6;77,4;,3695090439276485788113695090439276485788;
0;33;0320106203000001;Fisica;L-30;Scienze e tecnologie fisiche;032006;TRIESTE;2;NORD-EST;2030;3;2018;iC00a;Avvii di carriera al primo anno* (L, LMCU, LM);114;0;114;0;0;0;89,02272727272727272727272727272727272727;0;89,02272727272727272727272727272727272727;92,9;0;92,9;
0;33;0320106203000001;Fisica;L-30;Scienze e tecnologie fisiche;032006;TRIESTE;2;NORD-EST;2030;3;2018;iC00b;Immatricolati puri ** (L, LMCU);95;0;95;0;0;0;76,70454545454545454545454545454545454545;0;76,70454545454545454545454545454545454545;82;0;82;
0;33;0320106203000001;Fisica;L-30;Scienze e tecnologie fisiche;032006;TRIESTE;2;NORD-EST;2030;3;2018;iC00d;Iscritti (L, LMCU, LM);392;0;392;0;0;0;289,886363636363636363636363636363636364;0;289,886363636363636363636363636363636364;301,7;0;301,7;
0;33;0320106203000001;Fisica;L-30;Scienze e tecnologie fisiche;032006;TRIESTE;2;NORD-EST;2030;3;2018;iC00e;Iscritti Regolari ai fini del CSTD (L, LMCU, LM);316;0;316;0;0;0;216,636363636363636363636363636363636364;0;216,636363636363636363636363636363636364;239,6;0;239,6;
0;33;0320106203000001;Fisica;L-30;Scienze e tecnologie fisiche;032006;TRIESTE;2;NORD-EST;2030;3;2018;iC00f;Iscritti Regolari ai fini del CSTD, immatricolati puri ** al CdS in oggetto (L, LMCU, LM);287;0;287;0;0;0;191,613636363636363636363636363636363636;0;191,613636363636363636363636363636363636;217,1;0;217,1;
0;33;0320106203000001;Fisica;L-30;Scienze e tecnologie fisiche;032006;TRIESTE;2;NORD-EST;2030;3;2018;iC00g;laureati (L, LM, LMCU) entro la durata normale del corso*;49;0;49;0;0;0;26,18181818181818181818181818181818181818;0;26,18181818181818181818181818181818181818;37,2;0;37,2;
0;33;0320106203000001;Fisica;L-30;Scienze e tecnologie fisiche;032006;TRIESTE;2;NORD-EST;2030;3;2018;iC00h;laureati (L, LM, LMCU);68;0;68;0;0;0;44,97727272727272727272727272727272727273;0;44,97727272727272727272727272727272727273;56,9;0;56,9;
0;33;0320106203000001;Fisica;L-30;Scienze e tecnologie fisiche;032006;TRIESTE;2;NORD-EST;2030;3;2018;iC01;Percentuale di studenti iscritti entro la durata normale del CdS che abbiano acquisito almeno 40 CFU nell’a.s.;147;316;,4651898734177215189873417721518987341772;0;0;0;100,75;216,636363636363636363636363636363636364;,4650650440621065883340327318506084767092;134;239,6;,5592654424040066777963272120200333889816;
0;33;0320106203000001;Fisica;L-30;Scienze e tecnologie fisiche;032006;TRIESTE;2;NORD-EST;2030;3;2018;iC02;Percentuale di laureati (L, LM, LMCU) entro la durata normale del corso*;49;68;,7205882352941176470588235294117647058824;0;0;0;26,18181818181818181818181818181818181818;44,97727272727272727272727272727272727273;,5821121778676099039919151086407276402223;37,2;56,9;,6537785588752196836555360281195079086116;
0;33;0320106203000001;Fisica;L-30;Scienze e tecnologie fisiche;032006;TRIESTE;2;NORD-EST;2030;3;2018;iC02BIS;Percentuale di laureati (L, LM, LMCU) entro un anno oltre la durata normale del corso;57;68;,8382352941176470588235294117647058823529;0;0;0;35,45454545454545454545454545454545454545;44,97727272727272727272727272727272727273;,7882769075290550783223850429509853461343;49,3;56,9;,8664323374340949033391915641476274165202;
0;33;0320106203000001;Fisica;L-30;Scienze e tecnologie fisiche;032006;TRIESTE;2;NORD-EST;2030;3;2018;iC03;Percentuale di iscritti al primo anno (L, LMCU) provenienti da altre Regioni*;53;114;,4649122807017543859649122807017543859649;0;0;0;18,5;89,02272727272727272727272727272727272727;,2078121010977789124329844268572887413837;39,7;92,9;,4273412271259418729817007534983853606028;
0;33;0320106203000001;Fisica;L-30;Scienze e tecnologie fisiche;032006;TRIESTE;2;NORD-EST;2030;3;2018;iC05;Rapporto studenti regolari/docenti (professori a tempo indeterminato, ricercatori a tempo indeterminato, ricercatori di tipo a e tipo b)*;316;24;13,16666666666666666666666666666666666667;0;0;0;200,041666666666666666666666666666666667;24,91666666666666666666666666666666666667;8,02842809364548494983277591973244147158;239,6;24,2;9,90082644628099173553719008264462809917;
0;33;0320106203000001;Fisica;L-30;Scienze e tecnologie fisiche;032006;TRIESTE;2;NORD-EST;2030;3;2018;iC06;Percentuale di Laureati occupati a un anno dal Titolo (L) - Laureati che dichiarano di svolgere un’attività lavorativa o di formazione retribuita;6;35;,1714285714285714285714285714285714285714;0;0;0;6,54545454545454545454545454545454545455;28,86363636363636363636363636363636363636;,2267716535433070866141732283464566929136;5,5;30,6;,1797385620915032679738562091503267973856;
0;33;0320106203000001;Fisica;L-30;Scienze e tecnologie fisiche;032006;TRIESTE;2;NORD-EST;2030;3;2018;iC06BIS;Percentuale di Laureati occupati a un anno dal Titolo (L) - laureati che dichiarano di svolgere un’attività lavorativa e regolamentata da un contratto, o di svolgere attività di formazione retribuita;4;35;,1142857142857142857142857142857142857143;0;0;0;4,54545454545454545454545454545454545455;28,86363636363636363636363636363636363636;,1574803149606299212598425196850393700789;4,1;30,6;,1339869281045751633986928104575163398693;
0;33;0320106203000001;Fisica;L-30;Scienze e tecnologie fisiche;032006;TRIESTE;2;NORD-EST;2030;3;2018;iC06TER;Percentuale di Laureati occupati a un anno dal Titolo (L) – Laureati non impegnati in formazione non retribuita che dichiarano di svolgere un’attività lavorativa e regolamentata da un contratto;4;9;,4444444444444444444444444444444444444444;0;0;0;5;9,275;,5390835579514824797843665768194070080863;4,55555555555555555555555555555555555556;8,22222222222222222222222222222222222222;,5540540540540540540540540540540540540547;
0;33;0320106203000001;Fisica;L-30;Scienze e tecnologie fisiche;032006;TRIESTE;2;NORD-EST;2030;3;2018;iC08;Percentuale dei docenti di ruolo che appartengono a settori scientifico-disciplinari (SSD) di base e caratterizzanti per corso di studio (L, LMCU, LM), di cui sono docenti di riferimento;13;13;1;0;0;0;11;11,3125;,9723756906077348066298342541436464088398;10,7;11;,9727272727272727272727272727272727272727;
0;33;0320106203000001;Fisica;L-30;Scienze e tecnologie fisiche;032006;TRIESTE;2;NORD-EST;2030;3;2018;iC09;Valori dellindicatore di Qualità della ricerca dei docenti per le lauree magistrali (QRDLM) (valore di riferimento: 0,8);0;0;0;0;0;0;0;0;0;0;0;0;
0;33;0320106203000001;Fisica;L-30;Scienze e tecnologie fisiche;032006;TRIESTE;2;NORD-EST;2030;3;2018;iC10;Percentuale di CFU conseguiti allestero dagli studenti regolari sul totale dei CFU conseguiti dagli studenti entro la durata normale del corso*;27;10687;,002526433985215682605034153644614952746327;0;0;0;33,82954545454545454545454545454545454545;7344,363636363636363636363636363636363636;,004606191513591127395157696687626875278506;75,5;9409,2;,008024061556774220975215746290864260510989;
0;33;0320106203000001;Fisica;L-30;Scienze e tecnologie fisiche;032006;TRIESTE;2;NORD-EST;2030;3;2018;iC10BIS;Percentuale di CFU conseguiti allestero dagli iscritti sul totale dei CFU conseguiti dagli studenti;48;11895;,00403530895334174022698612862547288776797;0;0;0;40,375;8589,880681818181818181818181818181818182;,004700298117697951937368163781510881924357;82,8;10745;,007705909725453699395067473243369008841322;
0;33;0320106203000001;Fisica;L-30;Scienze e tecnologie fisiche;032006;TRIESTE;2;NORD-EST;2030;3;2018;iC11;Percentuale di laureati (L, LM, LMCU) entro la durata normale del corso che hanno acquisito almeno 12 CFU all’estero*;0;49;0;0;0;0;,8409090909090909090909090909090909090909;26,18181818181818181818181818181818181818;,0321180555555555555555555555555555555556;1,7;37,2;,0456989247311827956989247311827956989247;
0;33;0320106203000001;Fisica;L-30;Scienze e tecnologie fisiche;032006;TRIESTE;2;NORD-EST;2030;3;2018;iC12;Percentuale di studenti iscritti al primo anno del corso di laurea (L) e laurea magistrale (LM, LMCU) che hanno conseguito il precedente titolo di studio all’estero*;7;114;,0614035087719298245614035087719298245614;0;0;0;1,18181818181818181818181818181818181818;89,02272727272727272727272727272727272727;,0132754659177942302782741894306867500638;1,5;92,9;,0161463939720129171151776103336921420883;
0;33;0320106203000001;Fisica;L-30;Scienze e tecnologie fisiche;032006;TRIESTE;2;NORD-EST;2030;3;2018;iC13;Percentuale di CFU conseguiti al I anno su CFU da conseguire**;28,06315789473684210526315789473684210526;60;,4677192982456140350877192982456140350877;0;0;0;30,81666666666666666666666666666666666667;59,84090909090909090909090909090909090909;,5149765793138371945815926066590707684518;36,21219512195121951219512195121951219512;60;,6035365853658536585365853658536585365853;
0;33;0320106203000001;Fisica;L-30;Scienze e tecnologie fisiche;032006;TRIESTE;2;NORD-EST;2030;3;2018;iC14;Percentuale di studenti che proseguono nel II anno nello stesso corso di studio**;59;95;,6210526315789473684210526315789473684211;0;0;0;53,77272727272727272727272727272727272727;76,70454545454545454545454545454545454545;,701037037037037037037037037037037037037;61,7;82;,7524390243902439024390243902439024390244;
0;33;0320106203000001;Fisica;L-30;Scienze e tecnologie fisiche;032006;TRIESTE;2;NORD-EST;2030;3;2018;iC15;Percentuale di studenti che proseguono al II anno nello stesso corso di studio avendo acquisito almeno 20 CFU al I anno**;49;95;,5157894736842105263157894736842105263158;0;0;0;45,31818181818181818181818181818181818182;76,70454545454545454545454545454545454545;,5908148148148148148148148148148148148149;55,2;82;,6731707317073170731707317073170731707317;
0;33;0320106203000001;Fisica;L-30;Scienze e tecnologie fisiche;032006;TRIESTE;2;NORD-EST;2030;3;2018;iC15BIS;Percentuale di studenti che proseguono al II anno nello stesso corso di studio avendo acquisito almeno 1/3 dei CFU previsti al I anno **;49;95;,5157894736842105263157894736842105263158;0;0;0;45,36363636363636363636363636363636363636;76,70454545454545454545454545454545454545;,5914074074074074074074074074074074074074;55,2;82;,6731707317073170731707317073170731707317;
0;33;0320106203000001;Fisica;L-30;Scienze e tecnologie fisiche;032006;TRIESTE;2;NORD-EST;2030;3;2018;iC16;Percentuale di studenti che proseguono al II anno nello stesso corso di studio avendo acquisito almeno 40 CFU al I anno**;34;95;,3578947368421052631578947368421052631579;0;0;0;32,45454545454545454545454545454545454545;76,70454545454545454545454545454545454545;,4231111111111111111111111111111111111111;44,2;82;,5390243902439024390243902439024390243902;
0;33;0320106203000001;Fisica;L-30;Scienze e tecnologie fisiche;032006;TRIESTE;2;NORD-EST;2030;3;2018;iC16BIS;Percentuale di studenti che proseguono al II anno nello stesso corso di studio avendo acquisito almeno 2/3 dei CFU previsti al I anno **;34;95;,3578947368421052631578947368421052631579;0;0;0;32,54545454545454545454545454545454545455;76,70454545454545454545454545454545454545;,4242962962962962962962962962962962962964;44,3;82;,5402439024390243902439024390243902439024;
0;33;0320106203000001;Fisica;L-30;Scienze e tecnologie fisiche;032006;TRIESTE;2;NORD-EST;2030;3;2018;iC17;Percentuale di immatricolati (L, LM, LMCU) che si laureano entro un anno oltre la durata normale del corso nello stesso corso di studio**;60;138;,4347826086956521739130434782608695652174;0;0;0;35,04545454545454545454545454545454545455;80,11363636363636363636363636363636363636;,4374468085106382978723404255319148936171;45,8;95,6;,4790794979079497907949790794979079497908;
0;33;0320106203000001;Fisica;L-30;Scienze e tecnologie fisiche;032006;TRIESTE;2;NORD-EST;2030;3;2018;iC18;Percentuale di laureati che si iscriverebbero di nuovo allo stesso corso di studio;55;65;,8461538461538461538461538461538461538462;0;0;0;34,88636363636363636363636363636363636364;43,02272727272727272727272727272727272727;,8108821975699947173798203909138932910725;42,6;54,2;,7859778597785977859778597785977859778598;
0;33;0320106203000001;Fisica;L-30;Scienze e tecnologie fisiche;032006;TRIESTE;2;NORD-EST;2030;3;2018;iC19;Ore di docenza erogata da docenti assunti a tempo indeterminato sul totale delle ore di docenza erogata;1885;2265;,8322295805739514348785871964679911699779;0;0;0;1407,520833333333333333333333333333333333;1857,541666666666666666666666666666666667;,757733115004149749893452367600547318364;1335,3;1767,9;,7553029017478364160868827422365518411675;
0;33;0320106203000001;Fisica;L-30;Scienze e tecnologie fisiche;032006;TRIESTE;2;NORD-EST;2030;3;2018;iC19BIS;Ore di docenza erogata da docenti assunti a tempo indeterminato e ricercatori a tempo determinato di tipo B sul totale delle ore di docenza erogata;1885;2265;,8322295805739514348785871964679911699779;0;0;0;1482,8125;1857,541666666666666666666666666666666667;,7982660774769520647809604988672304344899;1439,1;1767,9;,8140166298998812150008484642796538265739;
0;33;0320106203000001;Fisica;L-30;Scienze e tecnologie fisiche;032006;TRIESTE;2;NORD-EST;2030;3;2018;iC19TER;Ore di docenza erogata da docenti assunti a tempo indeterminato e ricercatori a tempo determinato di tipo A e B sul totale delle ore di docenza;1905;2265;,8410596026490066225165562913907284768212;0;0;0;1539,020833333333333333333333333333333333;1857,541666666666666666666666666666666667;,8285256050783966263654920257508804199095;1495,8;1767,9;,8460885796707958594943152893263193619549;
0;33;0320106203000001;Fisica;L-30;Scienze e tecnologie fisiche;032006;TRIESTE;2;NORD-EST;2030;3;2018;iC21;Percentuale di studenti che proseguono la carriera nel sistema universitario al II anno**;80;95;,8421052631578947368421052631578947368421;0;0;0;65,43181818181818181818181818181818181818;76,70454545454545454545454545454545454545;,8530370370370370370370370370370370370371;72,3;82;,8817073170731707317073170731707317073171;
0;33;0320106203000001;Fisica;L-30;Scienze e tecnologie fisiche;032006;TRIESTE;2;NORD-EST;2030;3;2018;iC22;Percentuale di immatricolati (L, LM, LMCU) che si laureano, nel CdS, entro la durata normale del corso**;45;142;,316901408450704225352112676056338028169;0;0;0;27,45454545454545454545454545454545454545;84,20454545454545454545454545454545454545;,326045883940620782726045883940620782726;36,6;90,6;,4039735099337748344370860927152317880795;
0;33;0320106203000001;Fisica;L-30;Scienze e tecnologie fisiche;032006;TRIESTE;2;NORD-EST;2030;3;2018;iC23;Percentuale di immatricolati (L, LM, LMCU) che proseguono la carriera al secondo anno in un differente CdS dellAteneo **;15;95;,1578947368421052631578947368421052631579;0;0;0;7;76,70454545454545454545454545454545454545;,0912592592592592592592592592592592592593;6,5;82;,0792682926829268292682926829268292682927;
0;33;0320106203000001;Fisica;L-30;Scienze e tecnologie fisiche;032006;TRIESTE;2;NORD-EST;2030;3;2018;iC24;Percentuale di abbandoni del CdS dopo N+1 anni**;52;138;,3768115942028985507246376811594202898551;0;0;0;28,59090909090909090909090909090909090909;80,11363636363636363636363636363636363636;,3568794326241134751773049645390070921986;33,7;95,6;,3525104602510460251046025104602510460251;
0;33;0320106203000001;Fisica;L-30;Scienze e tecnologie fisiche;032006;TRIESTE;2;NORD-EST;2030;3;2018;iC25;Percentuale di laureandi complessivamente soddisfatti del CdS;61;65;,9384615384615384615384615384615384615385;0;0;0;39,65909090909090909090909090909090909091;43,02272727272727272727272727272727272727;,9218172213417855256207078711040676175384;50,5;54,2;,9317343173431734317343173431734317343173;
0;33;0320106203000001;Fisica;L-30;Scienze e tecnologie fisiche;032006;TRIESTE;2;NORD-EST;2030;3;2018;iC27;Rapporto studenti iscritti/docenti complessivo (pesato per le ore di docenza);392;18,875;20,76821192052980132450331125827814569536;0;0;0;268,083333333333333333333333333333333333;15,16128472222222222222222222222222222223;17,68209873008966093737475523594682178884;301,7;14,6066666666666666666666666666666666667;20,65495207667731629392971246006389776353;
0;33;0320106203000001;Fisica;L-30;Scienze e tecnologie fisiche;032006;TRIESTE;2;NORD-EST;2030;3;2018;iC28;Rapporto studenti iscritti al primo anno/docenti degli insegnamenti del primo anno (pesato per le ore di docenza);111;5,48333333333333333333333333333333333334;20,24316109422492401215805471124620060788;0;0;0;84,04166666666666666666666666666666666667;4,86822916666666666666666666666666666663;17,26329303519845939873756285439178346006;95,2;4,5575;20,8886450905101481075150850246845858475;
0;33;0320106203000001;Fisica;L-30;Scienze e tecnologie fisiche;032006;TRIESTE;2;NORD-EST;2030;3;2019;iC00a;Avvii di carriera al primo anno* (L, LMCU, LM);132;0;132;0;0;0;91,15555555555555555555555555555555555556;0;91,15555555555555555555555555555555555556;99,7;0;99,7;
0;33;0320106203000001;Fisica;L-30;Scienze e tecnologie fisiche;032006;TRIESTE;2;NORD-EST;2030;3;2019;iC00b;Immatricolati puri ** (L, LMCU);120;0;120;0;0;0;78,73333333333333333333333333333333333333;0;78,73333333333333333333333333333333333333;87,3;0;87,3;
0;33;0320106203000001;Fisica;L-30;Scienze e tecnologie fisiche;032006;TRIESTE;2;NORD-EST;2030;3;2019;iC00d;Iscritti (L, LMCU, LM);394;0;394;0;0;0;286,911111111111111111111111111111111111;0;286,911111111111111111111111111111111111;308,7;0;308,7;
0;33;0320106203000001;Fisica;L-30;Scienze e tecnologie fisiche;032006;TRIESTE;2;NORD-EST;2030;3;2019;iC00e;Iscritti Regolari ai fini del CSTD (L, LMCU, LM);297;0;297;0;0;0;210,911111111111111111111111111111111111;0;210,911111111111111111111111111111111111;239,8;0;239,8;
0;33;0320106203000001;Fisica;L-30;Scienze e tecnologie fisiche;032006;TRIESTE;2;NORD-EST;2030;3;2019;iC00f;Iscritti Regolari ai fini del CSTD, immatricolati puri ** al CdS in oggetto (L, LMCU, LM);273;0;273;0;0;0;186,4;0;186,4;217,4;0;217,4;
0;33;0320106203000001;Fisica;L-30;Scienze e tecnologie fisiche;032006;TRIESTE;2;NORD-EST;2030;3;2019;iC00g;laureati (L, LM, LMCU) entro la durata normale del corso*;46;0;46;0;0;0;28,29545454545454545454545454545454545455;0;28,29545454545454545454545454545454545455;37,2;0;37,2;
0;33;0320106203000001;Fisica;L-30;Scienze e tecnologie fisiche;032006;TRIESTE;2;NORD-EST;2030;3;2019;iC00h;laureati (L, LM, LMCU);70;0;70;0;0;0;47,11363636363636363636363636363636363636;0;47,11363636363636363636363636363636363636;55,5;0;55,5;
0;33;0320106203000001;Fisica;L-30;Scienze e tecnologie fisiche;032006;TRIESTE;2;NORD-EST;2030;3;2019;iC01;Percentuale di studenti iscritti entro la durata normale del CdS che abbiano acquisito almeno 40 CFU nell’a.s.;132;297;,4444444444444444444444444444444444444444;0;0;0;95,64444444444444444444444444444444444444;210,911111111111111111111111111111111111;,4534822463386366030976714782425455694871;132,7;239,8;,5533778148457047539616346955796497080901;
0;33;0320106203000001;Fisica;L-30;Scienze e tecnologie fisiche;032006;TRIESTE;2;NORD-EST;2030;3;2019;iC02;Percentuale di laureati (L, LM, LMCU) entro la durata normale del corso*;46;70;,6571428571428571428571428571428571428571;0;0;0;28,29545454545454545454545454545454545455;47,11363636363636363636363636363636363636;,6005788712011577424023154848046309696094;37,2;55,5;,6702702702702702702702702702702702702703;
0;33;0320106203000001;Fisica;L-30;Scienze e tecnologie fisiche;032006;TRIESTE;2;NORD-EST;2030;3;2019;iC02BIS;Percentuale di laureati (L, LM, LMCU) entro un anno oltre la durata normale del corso;62;70;,8857142857142857142857142857142857142857;0;0;0;38,63636363636363636363636363636363636364;47,11363636363636363636363636363636363636;,8200675349734684032802701398938736131212;48,2;55,5;,8684684684684684684684684684684684684685;
0;33;0320106203000001;Fisica;L-30;Scienze e tecnologie fisiche;032006;TRIESTE;2;NORD-EST;2030;3;2019;iC03;Percentuale di iscritti al primo anno (L, LMCU) provenienti da altre Regioni*;51;132;,3863636363636363636363636363636363636364;0;0;0;19,97777777777777777777777777777777777778;91,15555555555555555555555555555555555556;,2191613846903949293027791321306679668455;42,1;99,7;,4222668004012036108324974924774322968907;
0;33;0320106203000001;Fisica;L-30;Scienze e tecnologie fisiche;032006;TRIESTE;2;NORD-EST;2030;3;2019;iC05;Rapporto studenti regolari/docenti (professori a tempo indeterminato, ricercatori a tempo indeterminato, ricercatori di tipo a e tipo b)*;297;27;11;0;0;0;199,229166666666666666666666666666666667;26,10416666666666666666666666666666666667;7,63208300079808459696727853152434158022;239,8;25,1;9,55378486055776892430278884462151394422;
0;33;0320106203000001;Fisica;L-30;Scienze e tecnologie fisiche;032006;TRIESTE;2;NORD-EST;2030;3;2019;iC06;Percentuale di Laureati occupati a un anno dal Titolo (L) - Laureati che dichiarano di svolgere un’attività lavorativa o di formazione retribuita;4;50;,08;0;0;0;8,02325581395348837209302325581395348837;34,60465116279069767441860465116279069767;,2318548387096774193548387096774193548387;7,4;42,3;,1749408983451536643026004728132387706856;
0;33;0320106203000001;Fisica;L-30;Scienze e tecnologie fisiche;032006;TRIESTE;2;NORD-EST;2030;3;2019;iC06BIS;Percentuale di Laureati occupati a un anno dal Titolo (L) - laureati che dichiarano di svolgere un’attività lavorativa e regolamentata da un contratto, o di svolgere attività di formazione retribuita;3;50;,06;0;0;0;6,34883720930232558139534883720930232558;34,60465116279069767441860465116279069767;,1834677419354838709677419354838709677419;6;42,3;,1418439716312056737588652482269503546099;
0;33;0320106203000001;Fisica;L-30;Scienze e tecnologie fisiche;032006;TRIESTE;2;NORD-EST;2030;3;2019;iC06TER;Percentuale di Laureati occupati a un anno dal Titolo (L) – Laureati non impegnati in formazione non retribuita che dichiarano di svolgere un’attività lavorativa e regolamentata da un contratto;3;5;,6;0;0;0;6,825;10,7;,6378504672897196261682242990654205607477;6;9,2;,6521739130434782608695652173913043478261;
0;33;0320106203000001;Fisica;L-30;Scienze e tecnologie fisiche;032006;TRIESTE;2;NORD-EST;2030;3;2019;iC08;Percentuale dei docenti di ruolo che appartengono a settori scientifico-disciplinari (SSD) di base e caratterizzanti per corso di studio (L, LMCU, LM), di cui sono docenti di riferimento;13;13;1;0;0;0;10,96875;11,34375;,9669421487603305785123966942148760330579;10,7;11;,9727272727272727272727272727272727272727;
0;33;0320106203000001;Fisica;L-30;Scienze e tecnologie fisiche;032006;TRIESTE;2;NORD-EST;2030;3;2019;iC09;Valori dellindicatore di Qualità della ricerca dei docenti per le lauree magistrali (QRDLM) (valore di riferimento: 0,8);0;0;0;0;0;0;0;0;0;0;0;0;
0;33;0320106203000001;Fisica;L-30;Scienze e tecnologie fisiche;032006;TRIESTE;2;NORD-EST;2030;3;2019;iC10;Percentuale di CFU conseguiti allestero dagli studenti regolari sul totale dei CFU conseguiti dagli studenti entro la durata normale del corso*;43;9702;,004432075860647289218717790146361574933004;0;0;0;22,7;6961,901111111111111111111111111111111111;,00326060362503154071421423682005122802504;32,1;9200,5;,003488940818433780772784087821314059018532;
0;33;0320106203000001;Fisica;L-30;Scienze e tecnologie fisiche;032006;TRIESTE;2;NORD-EST;2030;3;2019;iC10BIS;Percentuale di CFU conseguiti allestero dagli iscritti sul totale dei CFU conseguiti dagli studenti;65;11053;,005880756355740522934949787388039446304171;0;0;0;25,92222222222222222222222222222222222222;8198,85;,003161690020212861830893628035910185236005;36,3;10656,7;,003406307768821492582131429054022352135276;
0;33;0320106203000001;Fisica;L-30;Scienze e tecnologie fisiche;032006;TRIESTE;2;NORD-EST;2030;3;2019;iC11;Percentuale di laureati (L, LM, LMCU) entro la durata normale del corso che hanno acquisito almeno 12 CFU all’estero*;1;46;,0217391304347826086956521739130434782609;0;0;0;,7954545454545454545454545454545454545455;28,29545454545454545454545454545454545455;,0281124497991967871485943775100401606426;1,6;37,2;,0430107526881720430107526881720430107527;
0;33;0320106203000001;Fisica;L-30;Scienze e tecnologie fisiche;032006;TRIESTE;2;NORD-EST;2030;3;2019;iC12;Percentuale di studenti iscritti al primo anno del corso di laurea (L) e laurea magistrale (LM, LMCU) che hanno conseguito il precedente titolo di studio all’estero*;1;132;,007575757575757575757575757575757575757576;0;0;0;1,57777777777777777777777777777777777778;91,15555555555555555555555555555555555556;,0173086299366162847391516333495855680156;1,3;99,7;,0130391173520561685055165496489468405216;
0;33;0320106203000001;Fisica;L-30;Scienze e tecnologie fisiche;032006;TRIESTE;2;NORD-EST;2030;3;2019;iC13;Percentuale di CFU conseguiti al I anno su CFU da conseguire**;30,64166666666666666666666666666666666667;60;,5106944444444444444444444444444444444445;0;0;0;30,80299181484617555743720011289867344059;59,88888888888888888888888888888888888889;,5143356703777654545768734712728906511416;36,36426116838487972508591065292096219931;60;,6060710194730813287514318442153493699885;
0;33;0320106203000001;Fisica;L-30;Scienze e tecnologie fisiche;032006;TRIESTE;2;NORD-EST;2030;3;2019;iC14;Percentuale di studenti che proseguono nel II anno nello stesso corso di studio**;79;120;,6583333333333333333333333333333333333333;0;0;0;54,26666666666666666666666666666666666667;78,73333333333333333333333333333333333333;,6892464013547840812870448772226926333616;64,8;87,3;,7422680412371134020618556701030927835052;
0;33;0320106203000001;Fisica;L-30;Scienze e tecnologie fisiche;032006;TRIESTE;2;NORD-EST;2030;3;2019;iC15;Percentuale di studenti che proseguono al II anno nello stesso corso di studio avendo acquisito almeno 20 CFU al I anno**;70;120;,5833333333333333333333333333333333333333;0;0;0;45,51111111111111111111111111111111111111;78,73333333333333333333333333333333333333;,5780412080158058142816821902342647473892;58;87,3;,66437571592210767468499427262313860252;
0;33;0320106203000001;Fisica;L-30;Scienze e tecnologie fisiche;032006;TRIESTE;2;NORD-EST;2030;3;2019;iC15BIS;Percentuale di studenti che proseguono al II anno nello stesso corso di studio avendo acquisito almeno 1/3 dei CFU previsti al I anno **;70;120;,5833333333333333333333333333333333333333;0;0;0;45,75555555555555555555555555555555555556;78,73333333333333333333333333333333333333;,5811459215354219587919841941857183178098;58;87,3;,66437571592210767468499427262313860252;
0;33;0320106203000001;Fisica;L-30;Scienze e tecnologie fisiche;032006;TRIESTE;2;NORD-EST;2030;3;2019;iC16;Percentuale di studenti che proseguono al II anno nello stesso corso di studio avendo acquisito almeno 40 CFU al I anno**;43;120;,3583333333333333333333333333333333333333;0;0;0;33,48888888888888888888888888888888888889;78,73333333333333333333333333333333333333;,425345752187411797911374541349139147615;44,9;87,3;,5143184421534936998854524627720504009164;
0;33;0320106203000001;Fisica;L-30;Scienze e tecnologie fisiche;032006;TRIESTE;2;NORD-EST;2030;3;2019;iC16BIS;Percentuale di studenti che proseguono al II anno nello stesso corso di studio avendo acquisito almeno 2/3 dei CFU previsti al I anno **;43;120;,3583333333333333333333333333333333333333;0;0;0;33,55555555555555555555555555555555555556;78,73333333333333333333333333333333333333;,4261924922382162009596387242449901213661;45;87,3;,5154639175257731958762886597938144329897;
0;33;0320106203000001;Fisica;L-30;Scienze e tecnologie fisiche;032006;TRIESTE;2;NORD-EST;2030;3;2019;iC17;Percentuale di immatricolati (L, LM, LMCU) che si laureano entro un anno oltre la durata normale del corso nello stesso corso di studio**;60;142;,4225352112676056338028169014084507042254;0;0;0;37,13636363636363636363636363636363636364;84,20454545454545454545454545454545454545;,4410256410256410256410256410256410256411;47,4;90,6;,5231788079470198675496688741721854304636;
0;33;0320106203000001;Fisica;L-30;Scienze e tecnologie fisiche;032006;TRIESTE;2;NORD-EST;2030;3;2019;iC18;Percentuale di laureati che si iscriverebbero di nuovo allo stesso corso di studio;57;67;,8507462686567164179104477611940298507463;0;0;0;37,51162790697674418604651162790697674419;46,23255813953488372093023255813953488372;,8113682092555331991951710261569416498995;43,2;53,5;,8074766355140186915887850467289719626168;
0;33;0320106203000001;Fisica;L-30;Scienze e tecnologie fisiche;032006;TRIESTE;2;NORD-EST;2030;3;2019;iC19;Ore di docenza erogata da docenti assunti a tempo indeterminato sul totale delle ore di docenza erogata;1855;2341;,7923964117898334045279794959419051687313;0;0;0;1433,427083333333333333333333333333333333;1912,241666666666666666666666666666666667;,7496056112154582971991859466856089493567;1346,7;1835,4;,7337365152010460934946060804184373978424;
0;33;0320106203000001;Fisica;L-30;Scienze e tecnologie fisiche;032006;TRIESTE;2;NORD-EST;2030;3;2019;iC19BIS;Ore di docenza erogata da docenti assunti a tempo indeterminato e ricercatori a tempo determinato di tipo B sul totale delle ore di docenza erogata;2005;2341;,8564715933361811191798376762067492524562;0;0;0;1516,59375;1912,241666666666666666666666666666666667;,7930973246930957994326030967145888987182;1447,1;1835,4;,788438487523155715375395009262286150158;
0;33;0320106203000001;Fisica;L-30;Scienze e tecnologie fisiche;032006;TRIESTE;2;NORD-EST;2030;3;2019;iC19TER;Ore di docenza erogata da docenti assunti a tempo indeterminato e ricercatori a tempo determinato di tipo A e B sul totale delle ore di docenza;2041;2341;,8718496369073045706962836394703118325502;0;0;0;1586,489583333333333333333333333333333333;1912,241666666666666666666666666666666667;,829649102928935934701419363835637929306;1503,1;1835,4;,8189495477824997275798191129998910319276;
0;33;0320106203000001;Fisica;L-30;Scienze e tecnologie fisiche;032006;TRIESTE;2;NORD-EST;2030;3;2019;iC21;Percentuale di studenti che proseguono la carriera nel sistema universitario al II anno**;106;120;,8833333333333333333333333333333333333333;0;0;0;65,77777777777777777777777777777777777778;78,73333333333333333333333333333333333333;,835450183460344340953993790572960767711;76,1;87,3;,8717067583046964490263459335624284077892;
0;33;0320106203000001;Fisica;L-30;Scienze e tecnologie fisiche;032006;TRIESTE;2;NORD-EST;2030;3;2019;iC22;Percentuale di immatricolati (L, LM, LMCU) che si laureano, nel CdS, entro la durata normale del corso**;47;149;,3154362416107382550335570469798657718121;0;0;0;26,59090909090909090909090909090909090909;80,43181818181818181818181818181818181818;,330601864933597061316756145803899406612;36,5;87,5;,4171428571428571428571428571428571428571;
0;33;0320106203000001;Fisica;L-30;Scienze e tecnologie fisiche;032006;TRIESTE;2;NORD-EST;2030;3;2019;iC23;Percentuale di immatricolati (L, LM, LMCU) che proseguono la carriera al secondo anno in un differente CdS dellAteneo **;16;120;,1333333333333333333333333333333333333333;0;0;0;6,46666666666666666666666666666666666667;78,73333333333333333333333333333333333333;,0821337849280270956816257408975444538527;6,4;87,3;,0733104238258877434135166093928980526919;
0;33;0320106203000001;Fisica;L-30;Scienze e tecnologie fisiche;032006;TRIESTE;2;NORD-EST;2030;3;2019;iC24;Percentuale di abbandoni del CdS dopo N+1 anni**;56;142;,3943661971830985915492957746478873239437;0;0;0;30,40909090909090909090909090909090909091;84,20454545454545454545454545454545454545;,3611336032388663967611336032388663967612;28,4;90,6;,313465783664459161147902869757174392936;
0;33;0320106203000001;Fisica;L-30;Scienze e tecnologie fisiche;032006;TRIESTE;2;NORD-EST;2030;3;2019;iC25;Percentuale di laureandi complessivamente soddisfatti del CdS;66;67;,9850746268656716417910447761194029850746;0;0;0;42,46511627906976744186046511627906976744;46,23255813953488372093023255813953488372;,9185110663983903420523138832997987927565;49,6;53,5;,927102803738317757009345794392523364486;
0;33;0320106203000001;Fisica;L-30;Scienze e tecnologie fisiche;032006;TRIESTE;2;NORD-EST;2030;3;2019;iC27;Rapporto studenti iscritti/docenti complessivo (pesato per le ore di docenza);394;19,50833333333333333333333333333333333333;20,19649722340879965826569841947885519009;0;0;0;271,291666666666666666666666666666666667;15,65008680555555555555555555555555555552;17,33483462662724847328455979011476019064;308,7;14,76;20,91463414634146341463414634146341463415;
0;33;0320106203000001;Fisica;L-30;Scienze e tecnologie fisiche;032006;TRIESTE;2;NORD-EST;2030;3;2019;iC28;Rapporto studenti iscritti al primo anno/docenti degli insegnamenti del primo anno (pesato per le ore di docenza);132;5,11666666666666666666666666666666666667;25,79804560260586319218241042345276872962;0;0;0;87,0625;5,01128472222222222222222222222222222227;17,3732894508920838385588082452797505628;100,4;4,27083333333333333333333333333333333333;23,5082926829268292682926829268292682927;
0;33;0320106203000001;Fisica;L-30;Scienze e tecnologie fisiche;032006;TRIESTE;2;NORD-EST;2030;3;2020;iC00a;Avvii di carriera al primo anno* (L, LMCU, LM);144;0;144;0;0;0;94,46666666666666666666666666666666666667;0;94,46666666666666666666666666666666666667;96,3;0;96,3;
0;33;0320106203000001;Fisica;L-30;Scienze e tecnologie fisiche;032006;TRIESTE;2;NORD-EST;2030;3;2020;iC00b;Immatricolati puri ** (L, LMCU);127;0;127;0;0;0;80,15555555555555555555555555555555555556;0;80,15555555555555555555555555555555555556;83,5;0;83,5;
0;33;0320106203000001;Fisica;L-30;Scienze e tecnologie fisiche;032006;TRIESTE;2;NORD-EST;2030;3;2020;iC00d;Iscritti (L, LMCU, LM);397;0;397;0;0;0;285,36956521739130434782608695652173913;0;285,36956521739130434782608695652173913;307;0;307;
0;33;0320106203000001;Fisica;L-30;Scienze e tecnologie fisiche;032006;TRIESTE;2;NORD-EST;2030;3;2020;iC00e;Iscritti Regolari ai fini del CSTD (L, LMCU, LM);285;0;285;0;0;0;208,739130434782608695652173913043478261;0;208,739130434782608695652173913043478261;233,6;0;233,6;
0;33;0320106203000001;Fisica;L-30;Scienze e tecnologie fisiche;032006;TRIESTE;2;NORD-EST;2030;3;2020;iC00f;Iscritti Regolari ai fini del CSTD, immatricolati puri ** al CdS in oggetto (L, LMCU, LM);261;0;261;0;0;0;183,760869565217391304347826086956521739;0;183,760869565217391304347826086956521739;211,6;0;211,6;
0;33;0320106203000001;Fisica;L-30;Scienze e tecnologie fisiche;032006;TRIESTE;2;NORD-EST;2030;3;2020;iC00g;laureati (L, LM, LMCU) entro la durata normale del corso*;44;0;44;0;0;0;26,20454545454545454545454545454545454545;0;26,20454545454545454545454545454545454545;35,7;0;35,7;
0;33;0320106203000001;Fisica;L-30;Scienze e tecnologie fisiche;032006;TRIESTE;2;NORD-EST;2030;3;2020;iC00h;laureati (L, LM, LMCU);70;0;70;0;0;0;47,72727272727272727272727272727272727273;0;47,72727272727272727272727272727272727273;59,7;0;59,7;
0;33;0320106203000001;Fisica;L-30;Scienze e tecnologie fisiche;032006;TRIESTE;2;NORD-EST;2030;3;2020;iC01;Percentuale di studenti iscritti entro la durata normale del CdS che abbiano acquisito almeno 40 CFU nell’a.s.;108;285;,3789473684210526315789473684210526315789;0;0;0;84;208,739130434782608695652173913043478261;,4024161632993126431993334721932930639448;123,2;233,6;,5273972602739726027397260273972602739726;
0;33;0320106203000001;Fisica;L-30;Scienze e tecnologie fisiche;032006;TRIESTE;2;NORD-EST;2030;3;2020;iC02;Percentuale di laureati (L, LM, LMCU) entro la durata normale del corso*;44;70;,6285714285714285714285714285714285714286;0;0;0;26,20454545454545454545454545454545454545;47,72727272727272727272727272727272727273;,5490476190476190476190476190476190476189;35,7;59,7;,5979899497487437185929648241206030150754;
0;33;0320106203000001;Fisica;L-30;Scienze e tecnologie fisiche;032006;TRIESTE;2;NORD-EST;2030;3;2020;iC02BIS;Percentuale di laureati (L, LM, LMCU) entro un anno oltre la durata normale del corso;59;70;,8428571428571428571428571428571428571429;0;0;0;37,65909090909090909090909090909090909091;47,72727272727272727272727272727272727273;,789047619047619047619047619047619047619;49,6;59,7;,8308207705192629815745393634840871021776;
0;33;0320106203000001;Fisica;L-30;Scienze e tecnologie fisiche;032006;TRIESTE;2;NORD-EST;2030;3;2020;iC03;Percentuale di iscritti al primo anno (L, LMCU) provenienti da altre Regioni*;56;144;,3888888888888888888888888888888888888889;0;0;0;19,33333333333333333333333333333333333333;94,46666666666666666666666666666666666667;,204657727593507410021171489061397318278;38,5;96,3;,3997923156801661474558670820353063343718;
0;33;0320106203000001;Fisica;L-30;Scienze e tecnologie fisiche;032006;TRIESTE;2;NORD-EST;2030;3;2020;iC05;Rapporto studenti regolari/docenti (professori a tempo indeterminato, ricercatori a tempo indeterminato, ricercatori di tipo a e tipo b)*;285;27;10,55555555555555555555555555555555555556;0;0;0;201,645833333333333333333333333333333333;27,5625;7,31594860166288737717309145880574452002;233,6;25,6;9,125;
0;33;0320106203000001;Fisica;L-30;Scienze e tecnologie fisiche;032006;TRIESTE;2;NORD-EST;2030;3;2020;iC06;Percentuale di Laureati occupati a un anno dal Titolo (L) - Laureati che dichiarano di svolgere un’attività lavorativa o di formazione retribuita;6;58;,1034482758620689655172413793103448275862;0;0;0;6,55813953488372093023255813953488372093;37,09302325581395348837209302325581395349;,1768025078369905956112852664576802507837;5,9;42,4;,1391509433962264150943396226415094339623;
0;33;0320106203000001;Fisica;L-30;Scienze e tecnologie fisiche;032006;TRIESTE;2;NORD-EST;2030;3;2020;iC06BIS;Percentuale di Laureati occupati a un anno dal Titolo (L) - laureati che dichiarano di svolgere un’attività lavorativa e regolamentata da un contratto, o di svolgere attività di formazione retribuita;5;58;,0862068965517241379310344827586206896552;0;0;0;4,60465116279069767441860465116279069767;37,09302325581395348837209302325581395349;,1241379310344827586206896551724137931033;4,1;42,4;,0966981132075471698113207547169811320755;
0;33;0320106203000001;Fisica;L-30;Scienze e tecnologie fisiche;032006;TRIESTE;2;NORD-EST;2030;3;2020;iC06TER;Percentuale di Laureati occupati a un anno dal Titolo (L) – Laureati non impegnati in formazione non retribuita che dichiarano di svolgere un’attività lavorativa e regolamentata da un contratto;5;9;,5555555555555555555555555555555555555556;0;0;0;4,82926829268292682926829268292682926829;9,29268292682926829268292682926829268293;,5196850393700787401574803149606299212594;4,1;8,1;,5061728395061728395061728395061728395062;
0;33;0320106203000001;Fisica;L-30;Scienze e tecnologie fisiche;032006;TRIESTE;2;NORD-EST;2030;3;2020;iC08;Percentuale dei docenti di ruolo che appartengono a settori scientifico-disciplinari (SSD) di base e caratterizzanti per corso di studio (L, LMCU, LM), di cui sono docenti di riferimento;13;13;1;0;0;0;11,45833333333333333333333333333333333333;11,72916666666666666666666666666666666667;,9769094138543516873889875666074600355234;11;11,2;,9821428571428571428571428571428571428571;
0;33;0320106203000001;Fisica;L-30;Scienze e tecnologie fisiche;032006;TRIESTE;2;NORD-EST;2030;3;2020;iC09;Valori dellindicatore di Qualità della ricerca dei docenti per le lauree magistrali (QRDLM) (valore di riferimento: 0,8);0;0;0;0;0;0;0;0;0;0;0;0;
0;33;0320106203000001;Fisica;L-30;Scienze e tecnologie fisiche;032006;TRIESTE;2;NORD-EST;2030;3;2020;iC10;Percentuale di CFU conseguiti allestero dagli studenti regolari sul totale dei CFU conseguiti dagli studenti entro la durata normale del corso*;0;8488;0;0;0;0;8,15217391304347826086956521739130434783;6273,23043478260869565217391304347826087;,001299517688341697606738917539884796890584;6,6;8573,2;,000769840899547426865114542994447814118416;
0;33;0320106203000001;Fisica;L-30;Scienze e tecnologie fisiche;032006;TRIESTE;2;NORD-EST;2030;3;2020;iC10BIS;Percentuale di CFU conseguiti allestero dagli iscritti sul totale dei CFU conseguiti dagli studenti;0;9960;0;0;0;0;10,63043478260869565217391304347826086957;7312,882608695652173913043478260869565217;,001453658611990870191555937913021867900781;11,2;9957,2;,001124814204796529144739484995781946732013;
0;33;0320106203000001;Fisica;L-30;Scienze e tecnologie fisiche;032006;TRIESTE;2;NORD-EST;2030;3;2020;iC11;Percentuale di laureati (L, LM, LMCU) entro la durata normale del corso che hanno acquisito almeno 12 CFU all’estero*;1;44;,0227272727272727272727272727272727272727;0;0;0;,6136363636363636363636363636363636363636;26,20454545454545454545454545454545454545;,0234171725932350390286209887250650477017;1;35,7;,0280112044817927170868347338935574229692;
0;33;0320106203000001;Fisica;L-30;Scienze e tecnologie fisiche;032006;TRIESTE;2;NORD-EST;2030;3;2020;iC12;Percentuale di studenti iscritti al primo anno del corso di laurea (L) e laurea magistrale (LM, LMCU) che hanno conseguito il precedente titolo di studio all’estero*;2;144;,0138888888888888888888888888888888888889;0;0;0;1,02222222222222222222222222222222222222;94,46666666666666666666666666666666666667;,0108209832980475182310044695365796283227;1,4;96,3;,0145379023883696780893042575285565939772;
0;33;0320106203000001;Fisica;L-30;Scienze e tecnologie fisiche;032006;TRIESTE;2;NORD-EST;2030;3;2020;iC13;Percentuale di CFU conseguiti al I anno su CFU da conseguire**;27,70866141732283464566929133858267716535;60;,4618110236220472440944881889763779527558;0;0;0;28,47924868311616301635708344884945938453;59,88888888888888888888888888888888888889;,4755347646531455791228455492386737188511;34,97245508982035928143712574850299401198;60;,582874251497005988023952095808383233533;
0;33;0320106203000001;Fisica;L-30;Scienze e tecnologie fisiche;032006;TRIESTE;2;NORD-EST;2030;3;2020;iC14;Percentuale di studenti che proseguono nel II anno nello stesso corso di studio**;78;127;,6141732283464566929133858267716535433071;0;0;0;52,11111111111111111111111111111111111111;80,15555555555555555555555555555555555556;,6501247574161352924868311616301635708344;60,8;83,5;,7281437125748502994011976047904191616766;
0;33;0320106203000001;Fisica;L-30;Scienze e tecnologie fisiche;032006;TRIESTE;2;NORD-EST;2030;3;2020;iC15;Percentuale di studenti che proseguono al II anno nello stesso corso di studio avendo acquisito almeno 20 CFU al I anno**;63;127;,496062992125984251968503937007874015748;0;0;0;42,77777777777777777777777777777777777778;80,15555555555555555555555555555555555556;,5336845023565289714444136401441641253119;54,2;83,5;,649101796407185628742514970059880239521;
0;33;0320106203000001;Fisica;L-30;Scienze e tecnologie fisiche;032006;TRIESTE;2;NORD-EST;2030;3;2020;iC15BIS;Percentuale di studenti che proseguono al II anno nello stesso corso di studio avendo acquisito almeno 1/3 dei CFU previsti al I anno **;63;127;,496062992125984251968503937007874015748;0;0;0;42,88888888888888888888888888888888888889;80,15555555555555555555555555555555555556;,5350706958691433324092043249237593568062;54,2;83,5;,649101796407185628742514970059880239521;
0;33;0320106203000001;Fisica;L-30;Scienze e tecnologie fisiche;032006;TRIESTE;2;NORD-EST;2030;3;2020;iC16;Percentuale di studenti che proseguono al II anno nello stesso corso di studio avendo acquisito almeno 40 CFU al I anno**;46;127;,3622047244094488188976377952755905511811;0;0;0;31,71111111111111111111111111111111111111;80,15555555555555555555555555555555555556;,3956196285001386193512614360964790684779;42,8;83,5;,5125748502994011976047904191616766467066;
0;33;0320106203000001;Fisica;L-30;Scienze e tecnologie fisiche;032006;TRIESTE;2;NORD-EST;2030;3;2020;iC16BIS;Percentuale di studenti che proseguono al II anno nello stesso corso di studio avendo acquisito almeno 2/3 dei CFU previsti al I anno **;46;127;,3622047244094488188976377952755905511811;0;0;0;31,84444444444444444444444444444444444444;80,15555555555555555555555555555555555556;,3972830607152758525090102578319933462711;42,9;83,5;,513772455089820359281437125748502994012;
0;33;0320106203000001;Fisica;L-30;Scienze e tecnologie fisiche;032006;TRIESTE;2;NORD-EST;2030;3;2020;iC17;Percentuale di immatricolati (L, LM, LMCU) che si laureano entro un anno oltre la durata normale del corso nello stesso corso di studio**;62;149;,4161073825503355704697986577181208053691;0;0;0;34,54545454545454545454545454545454545455;80,43181818181818181818181818181818181818;,4294998587171517377790336253178864085901;45,6;87,5;,5211428571428571428571428571428571428571;
0;33;0320106203000001;Fisica;L-30;Scienze e tecnologie fisiche;032006;TRIESTE;2;NORD-EST;2030;3;2020;iC18;Percentuale di laureati che si iscriverebbero di nuovo allo stesso corso di studio;53;68;,7794117647058823529411764705882352941176;0;0;0;35,29545454545454545454545454545454545455;45,31818181818181818181818181818181818182;,7788365095285857572718154463390170511535;43,1;56,3;,7655417406749555950266429840142095914742;
0;33;0320106203000001;Fisica;L-30;Scienze e tecnologie fisiche;032006;TRIESTE;2;NORD-EST;2030;3;2020;iC19;Ore di docenza erogata da docenti assunti a tempo indeterminato sul totale delle ore di docenza erogata;1873;2369;,7906289573659772055719712959054453355846;0;0;0;1452,083333333333333333333333333333333333;1937,48125;,7494696185231900093656820334820444498924;1395,4;1847,3;,755372706111622367780003247983543550046;
0;33;0320106203000001;Fisica;L-30;Scienze e tecnologie fisiche;032006;TRIESTE;2;NORD-EST;2030;3;2020;iC19BIS;Ore di docenza erogata da docenti assunti a tempo indeterminato e ricercatori a tempo determinato di tipo B sul totale delle ore di docenza erogata;2065;2369;,8716758125791473195441114394259181089067;0;0;0;1547,104166666666666666666666666666666667;1937,48125;,798513103890252701370228314037447674225;1490,4;1847,3;,8067991122178314296540897526119200996048;
0;33;0320106203000001;Fisica;L-30;Scienze e tecnologie fisiche;032006;TRIESTE;2;NORD-EST;2030;3;2020;iC19TER;Ore di docenza erogata da docenti assunti a tempo indeterminato e ricercatori a tempo determinato di tipo A e B sul totale delle ore di docenza;2117;2369;,8936260025327142254115660616293794850148;0;0;0;1622,791666666666666666666666666666666667;1937,48125;,8375779980666479568081841652231043096118;1552;1847,3;,8401450765982785687219184756130568938451;
0;33;0320106203000001;Fisica;L-30;Scienze e tecnologie fisiche;032006;TRIESTE;2;NORD-EST;2030;3;2020;iC21;Percentuale di studenti che proseguono la carriera nel sistema universitario al II anno**;106;127;,8346456692913385826771653543307086614173;0;0;0;66,2;80,15555555555555555555555555555555555556;,8258940948156362628222899916828389243138;73,1;83,5;,8754491017964071856287425149700598802395;
0;33;0320106203000001;Fisica;L-30;Scienze e tecnologie fisiche;032006;TRIESTE;2;NORD-EST;2030;3;2020;iC22;Percentuale di immatricolati (L, LM, LMCU) che si laureano, nel CdS, entro la durata normale del corso**;25;95;,2631578947368421052631578947368421052632;0;0;0;22,70454545454545454545454545454545454545;76,70454545454545454545454545454545454545;,296;32,2;82;,3926829268292682926829268292682926829268;
0;33;0320106203000001;Fisica;L-30;Scienze e tecnologie fisiche;032006;TRIESTE;2;NORD-EST;2030;3;2020;iC23;Percentuale di immatricolati (L, LM, LMCU) che proseguono la carriera al secondo anno in un differente CdS dellAteneo **;14;127;,1102362204724409448818897637795275590551;0;0;0;7,86666666666666666666666666666666666667;80,15555555555555555555555555555555555556;,0981425006930967563071804823953423897977;6,8;83,5;,0814371257485029940119760479041916167665;
0;33;0320106203000001;Fisica;L-30;Scienze e tecnologie fisiche;032006;TRIESTE;2;NORD-EST;2030;3;2020;iC24;Percentuale di abbandoni del CdS dopo N+1 anni**;57;149;,3825503355704697986577181208053691275168;0;0;0;28,72727272727272727272727272727272727273;80,43181818181818181818181818181818181818;,3571630404068946029951963831590844871433;25;87,5;,2857142857142857142857142857142857142857;
0;33;0320106203000001;Fisica;L-30;Scienze e tecnologie fisiche;032006;TRIESTE;2;NORD-EST;2030;3;2020;iC25;Percentuale di laureandi complessivamente soddisfatti del CdS;60;68;,8823529411764705882352941176470588235294;0;0;0;41,25;45,31818181818181818181818181818181818182;,9102306920762286860581745235707121364092;51;56,3;,9058614564831261101243339253996447602131;
0;33;0320106203000001;Fisica;L-30;Scienze e tecnologie fisiche;032006;TRIESTE;2;NORD-EST;2030;3;2020;iC27;Rapporto studenti iscritti/docenti complessivo (pesato per le ore di docenza);397;19,74166666666666666666666666666666666666;20,10975094976783452933727311101730688055;0;0;0;275,729166666666666666666666666666666667;15,94704861111111111111111111111111111104;17,29029448587447607642479995645310543802;307;15,0191666666666666666666666666666666668;20,44054818842590023858403151528602341434;
0;33;0320106203000001;Fisica;L-30;Scienze e tecnologie fisiche;032006;TRIESTE;2;NORD-EST;2030;3;2020;iC28;Rapporto studenti iscritti al primo anno/docenti degli insegnamenti del primo anno (pesato per le ore di docenza);141;6,51666666666666666666666666666666666667;21,6368286445012787723785166240409207161;0;0;0;89,97916666666666666666666666666666666667;5,02187499999999999999999999999999999998;17,91744451358639286455092304501140842156;96,9;4,58333333333333333333333333333333333333;21,1418181818181818181818181818181818182;
0;33;0320106203000001;Fisica;L-30;Scienze e tecnologie fisiche;032006;TRIESTE;2;NORD-EST;2030;3;2021;iC00a;Avvii di carriera al primo anno* (L, LMCU, LM);145;0;145;0;0;0;87,47826086956521739130434782608695652174;0;87,47826086956521739130434782608695652174;97,4;0;97,4;
0;33;0320106203000001;Fisica;L-30;Scienze e tecnologie fisiche;032006;TRIESTE;2;NORD-EST;2030;3;2021;iC00b;Immatricolati puri ** (L, LMCU);124;0;124;0;0;0;74,41304347826086956521739130434782608696;0;74,41304347826086956521739130434782608696;83,3;0;83,3;
0;33;0320106203000001;Fisica;L-30;Scienze e tecnologie fisiche;032006;TRIESTE;2;NORD-EST;2030;3;2021;iC00d;Iscritti (L, LMCU, LM);406;0;406;0;0;0;275,617021276595744680851063829787234043;0;275,617021276595744680851063829787234043;304,3;0;304,3;
0;33;0320106203000001;Fisica;L-30;Scienze e tecnologie fisiche;032006;TRIESTE;2;NORD-EST;2030;3;2021;iC00e;Iscritti Regolari ai fini del CSTD (L, LMCU, LM);305;0;305;0;0;0;198,276595744680851063829787234042553191;0;198,276595744680851063829787234042553191;232;0;232;
0;33;0320106203000001;Fisica;L-30;Scienze e tecnologie fisiche;032006;TRIESTE;2;NORD-EST;2030;3;2021;iC00f;Iscritti Regolari ai fini del CSTD, immatricolati puri ** al CdS in oggetto (L, LMCU, LM);275;0;275;0;0;0;174,829787234042553191489361702127659574;0;174,829787234042553191489361702127659574;209;0;209;
0;33;0320106203000001;Fisica;L-30;Scienze e tecnologie fisiche;032006;TRIESTE;2;NORD-EST;2030;3;2021;iC00g;laureati (L, LM, LMCU) entro la durata normale del corso*;27;0;27;0;0;0;25,29545454545454545454545454545454545455;0;25,29545454545454545454545454545454545455;34;0;34;
0;33;0320106203000001;Fisica;L-30;Scienze e tecnologie fisiche;032006;TRIESTE;2;NORD-EST;2030;3;2021;iC00h;laureati (L, LM, LMCU);54;0;54;0;0;0;45,63636363636363636363636363636363636364;0;45,63636363636363636363636363636363636364;54,9;0;54,9;
0;33;0320106203000001;Fisica;L-30;Scienze e tecnologie fisiche;032006;TRIESTE;2;NORD-EST;2030;3;2021;iC01;Percentuale di studenti iscritti entro la durata normale del CdS che abbiano acquisito almeno 40 CFU nell’a.s.;136;305;,4459016393442622950819672131147540983607;0;0;0;82,19148936170212765957446808510638297872;198,276595744680851063829787234042553191;,4145294559502092499195192617233608756314;124,9;232;,5383620689655172413793103448275862068966;
0;33;0320106203000001;Fisica;L-30;Scienze e tecnologie fisiche;032006;TRIESTE;2;NORD-EST;2030;3;2021;iC02;Percentuale di laureati (L, LM, LMCU) entro la durata normale del corso*;27;54;,5;0;0;0;25,29545454545454545454545454545454545455;45,63636363636363636363636363636363636364;,5542828685258964143426294820717131474104;34;54,9;,6193078324225865209471766848816029143898;
0;33;0320106203000001;Fisica;L-30;Scienze e tecnologie fisiche;032006;TRIESTE;2;NORD-EST;2030;3;2021;iC02BIS;Percentuale di laureati (L, LM, LMCU) entro un anno oltre la durata normale del corso;43;54;,7962962962962962962962962962962962962963;0;0;0;35,43181818181818181818181818181818181818;45,63636363636363636363636363636363636364;,7763944223107569721115537848605577689242;45,5;54,9;,8287795992714025500910746812386156648452;
0;33;0320106203000001;Fisica;L-30;Scienze e tecnologie fisiche;032006;TRIESTE;2;NORD-EST;2030;3;2021;iC03;Percentuale di iscritti al primo anno (L, LMCU) provenienti da altre Regioni*;64;145;,4413793103448275862068965517241379310345;0;0;0;21,06521739130434782608695652173913043478;87,47826086956521739130434782608695652174;,2408051689860834990059642147117296222664;43,1;97,4;,4425051334702258726899383983572895277207;
0;33;0320106203000001;Fisica;L-30;Scienze e tecnologie fisiche;032006;TRIESTE;2;NORD-EST;2030;3;2021;iC05;Rapporto studenti regolari/docenti (professori a tempo indeterminato, ricercatori a tempo indeterminato, ricercatori di tipo a e tipo b)*;305;30;10,16666666666666666666666666666666666667;0;0;0;195,5625;28,64583333333333333333333333333333333333;6,82690909090909090909090909090909090909;232;26,4;8,78787878787878787878787878787878787879;
0;33;0320106203000001;Fisica;L-30;Scienze e tecnologie fisiche;032006;TRIESTE;2;NORD-EST;2030;3;2021;iC06;Percentuale di Laureati occupati a un anno dal Titolo (L) - Laureati che dichiarano di svolgere un’attività lavorativa o di formazione retribuita;3;53;,0566037735849056603773584905660377358491;0;0;0;7;33,6;,2083333333333333333333333333333333333333;7;40,4;,1732673267326732673267326732673267326733;
0;33;0320106203000001;Fisica;L-30;Scienze e tecnologie fisiche;032006;TRIESTE;2;NORD-EST;2030;3;2021;iC06BIS;Percentuale di Laureati occupati a un anno dal Titolo (L) - laureati che dichiarano di svolgere un’attività lavorativa e regolamentata da un contratto, o di svolgere attività di formazione retribuita;3;53;,0566037735849056603773584905660377358491;0;0;0;5,64102564102564102564102564102564102564;34,25641025641025641025641025641025641026;,164670658682634730538922155688622754491;5,6;40,4;,1386138613861386138613861386138613861386;
0;33;0320106203000001;Fisica;L-30;Scienze e tecnologie fisiche;032006;TRIESTE;2;NORD-EST;2030;3;2021;iC06TER;Percentuale di Laureati occupati a un anno dal Titolo (L) – Laureati non impegnati in formazione non retribuita che dichiarano di svolgere un’attività lavorativa e regolamentata da un contratto;3;3;1;0;0;0;5,64102564102564102564102564102564102564;9;,6267806267806267806267806267806267806267;5,6;8,5;,6588235294117647058823529411764705882353;
0;33;0320106203000001;Fisica;L-30;Scienze e tecnologie fisiche;032006;TRIESTE;2;NORD-EST;2030;3;2021;iC08;Percentuale dei docenti di ruolo che appartengono a settori scientifico-disciplinari (SSD) di base e caratterizzanti per corso di studio (L, LMCU, LM), di cui sono docenti di riferimento;13;13;1;0;0;0;11,75;12;,9791666666666666666666666666666666666667;10,8;11;,9818181818181818181818181818181818181818;
0;33;0320106203000001;Fisica;L-30;Scienze e tecnologie fisiche;032006;TRIESTE;2;NORD-EST;2030;3;2021;iC10;Percentuale di CFU conseguiti allestero dagli studenti regolari sul totale dei CFU conseguiti dagli studenti entro la durata normale del corso*;75;10186;,00736304731985077557431769094836049479678;0;0;0;52,77659574468085106382978723404255319149;6093,829787234042553191489361702127659574;,008660661289759435773890576446353130128139;110,4;8609,8;,0128225975051685288856884015888870821622;
0;33;0320106203000001;Fisica;L-30;Scienze e tecnologie fisiche;032006;TRIESTE;2;NORD-EST;2030;3;2021;iC10BIS;Percentuale di CFU conseguiti allestero dagli iscritti sul totale dei CFU conseguiti dagli studenti;75;11574;,006480041472265422498703991705546915500259;0;0;0;55,0106382978723404255319148936170212766;7112,212765957446808510638297872340425532;,007734672753489652201487402550003889025171;111,6;9853,7;,0113256949166303013081380598150948374722;
0;33;0320106203000001;Fisica;L-30;Scienze e tecnologie fisiche;032006;TRIESTE;2;NORD-EST;2030;3;2021;iC11;Percentuale di laureati (L, LM, LMCU) entro la durata normale del corso che hanno acquisito almeno 12 CFU all’estero*;0;27;0;0;0;0;,4318181818181818181818181818181818181818;25,29545454545454545454545454545454545455;,0170709793351302785265049415992812219227;,3;34;,008823529411764705882352941176470588235294;
0;33;0320106203000001;Fisica;L-30;Scienze e tecnologie fisiche;032006;TRIESTE;2;NORD-EST;2030;3;2021;iC12;Percentuale di studenti iscritti al primo anno del corso di laurea (L) e laurea magistrale (LM, LMCU) che hanno conseguito il precedente titolo di studio all’estero*;3;145;,0206896551724137931034482758620689655172;0;0;0;1,43478260869565217391304347826086956522;87,47826086956521739130434782608695652174;,0164015904572564612326043737574552683897;1,7;97,4;,0174537987679671457905544147843942505133;
0;33;0320106203000001;Fisica;L-30;Scienze e tecnologie fisiche;032006;TRIESTE;2;NORD-EST;2030;3;2021;iC13;Percentuale di CFU conseguiti al I anno su CFU da conseguire**;30,5483870967741935483870967741935483871;60;,509139784946236559139784946236559139785;0;0;0;28,5573181419807186678352322524101665206;59,91304347826086956521739130434782608696;,4766460938066447963426780419487908780651;34,28211284513805522208883553421368547419;60;,5713685474189675870348139255702280912365;
0;33;0320106203000001;Fisica;L-30;Scienze e tecnologie fisiche;032006;TRIESTE;2;NORD-EST;2030;3;2021;iC14;Percentuale di studenti che proseguono nel II anno nello stesso corso di studio**;92;124;,7419354838709677419354838709677419354839;0;0;0;51,45652173913043478260869565217391304348;74,41304347826086956521739130434782608696;,6914986853637160385626643295354951796669;62,8;83,3;,7539015606242496998799519807923169267707;
0;33;0320106203000001;Fisica;L-30;Scienze e tecnologie fisiche;032006;TRIESTE;2;NORD-EST;2030;3;2021;iC15;Percentuale di studenti che proseguono al II anno nello stesso corso di studio avendo acquisito almeno 20 CFU al I anno**;70;124;,564516129032258064516129032258064516129;0;0;0;40,63043478260869565217391304347826086957;74,41304347826086956521739130434782608696;,5460122699386503067484662576687116564418;54,2;83,3;,6506602641056422569027611044417767106843;
0;33;0320106203000001;Fisica;L-30;Scienze e tecnologie fisiche;032006;TRIESTE;2;NORD-EST;2030;3;2021;iC15BIS;Percentuale di studenti che proseguono al II anno nello stesso corso di studio avendo acquisito almeno 1/3 dei CFU previsti al I anno **;70;124;,564516129032258064516129032258064516129;0;0;0;40,69565217391304347826086956521739130435;74,41304347826086956521739130434782608696;,5468886941279579316389132340052585451358;54,2;83,3;,6506602641056422569027611044417767106843;
0;33;0320106203000001;Fisica;L-30;Scienze e tecnologie fisiche;032006;TRIESTE;2;NORD-EST;2030;3;2021;iC16;Percentuale di studenti che proseguono al II anno nello stesso corso di studio avendo acquisito almeno 40 CFU al I anno**;50;124;,4032258064516129032258064516129032258065;0;0;0;28,52173913043478260869565217391304347826;74,41304347826086956521739130434782608696;,3832895121238679520888109845165059888986;40,8;83,3;,4897959183673469387755102040816326530612;
0;33;0320106203000001;Fisica;L-30;Scienze e tecnologie fisiche;032006;TRIESTE;2;NORD-EST;2030;3;2021;iC16BIS;Percentuale di studenti che proseguono al II anno nello stesso corso di studio avendo acquisito almeno 2/3 dei CFU previsti al I anno **;50;124;,4032258064516129032258064516129032258065;0;0;0;28,6086956521739130434782608695652173913;74,41304347826086956521739130434782608696;,3844580777096114519427402862985685071574;40,9;83,3;,4909963985594237695078031212484993997599;
0;33;0320106203000001;Fisica;L-30;Scienze e tecnologie fisiche;032006;TRIESTE;2;NORD-EST;2030;3;2021;iC17;Percentuale di immatricolati (L, LM, LMCU) che si laureano entro un anno oltre la durata normale del corso nello stesso corso di studio**;32;95;,3368421052631578947368421052631578947368;0;0;0;30,68181818181818181818181818181818181818;76,70454545454545454545454545454545454545;,4;40,3;82;,4914634146341463414634146341463414634146;
0;33;0320106203000001;Fisica;L-30;Scienze e tecnologie fisiche;032006;TRIESTE;2;NORD-EST;2030;3;2021;iC18;Percentuale di laureati che si iscriverebbero di nuovo allo stesso corso di studio;41;53;,7735849056603773584905660377358490566038;0;0;0;35,4186046511627906976744186046511627907;44,65116279069767441860465116279069767442;,7932291666666666666666666666666666666667;41,6;51,4;,8093385214007782101167315175097276264591;
0;33;0320106203000001;Fisica;L-30;Scienze e tecnologie fisiche;032006;TRIESTE;2;NORD-EST;2030;3;2021;iC19;Ore di docenza erogata da docenti assunti a tempo indeterminato sul totale delle ore di docenza erogata;1715;2241;,7652833556448014279339580544399821508255;0;0;0;1490,375;1993,91875;,7474602463114407244527892623508355092202;1440,2;1941,8;,7416829745596868884540117416829745596869;
0;33;0320106203000001;Fisica;L-30;Scienze e tecnologie fisiche;032006;TRIESTE;2;NORD-EST;2030;3;2021;iC19BIS;Ore di docenza erogata da docenti assunti a tempo indeterminato e ricercatori a tempo determinato di tipo B sul totale delle ore di docenza erogata;1917;2241;,8554216867469879518072289156626506024096;0;0;0;1602,208333333333333333333333333333333333;1993,91875;,8035474531413746589891555678150543161967;1538,1;1941,8;,7921001132969409825934699763106396127305;
0;33;0320106203000001;Fisica;L-30;Scienze e tecnologie fisiche;032006;TRIESTE;2;NORD-EST;2030;3;2021;iC19TER;Ore di docenza erogata da docenti assunti a tempo indeterminato e ricercatori a tempo determinato di tipo A e B sul totale delle ore di docenza;1979;2241;,8830879071842927264614011601963409192325;0;0;0;1685,6875;1993,91875;,8454143379713942707043604459810611641021;1594,3;1941,8;,8210423318570398599237820578844371201978;
0;33;0320106203000001;Fisica;L-30;Scienze e tecnologie fisiche;032006;TRIESTE;2;NORD-EST;2030;3;2021;iC21;Percentuale di studenti che proseguono la carriera nel sistema universitario al II anno**;112;124;,9032258064516129032258064516129032258065;0;0;0;63,86956521739130434782608695652173913043;74,41304347826086956521739130434782608696;,8583114227286006427110721589249196611159;74,5;83,3;,8943577430972388955582232893157262905162;
0;33;0320106203000001;Fisica;L-30;Scienze e tecnologie fisiche;032006;TRIESTE;2;NORD-EST;2030;3;2021;iC22;Percentuale di immatricolati (L, LM, LMCU) che si laureano, nel CdS, entro la durata normale del corso**;32;120;,2666666666666666666666666666666666666667;0;0;0;22,4;78,73333333333333333333333333333333333333;,2845046570702794242167654530059271803556;32;87,3;,3665521191294387170675830469644902634593;
0;33;0320106203000001;Fisica;L-30;Scienze e tecnologie fisiche;032006;TRIESTE;2;NORD-EST;2030;3;2021;iC23;Percentuale di immatricolati (L, LM, LMCU) che proseguono la carriera al secondo anno in un differente CdS dellAteneo **;5;124;,0403225806451612903225806451612903225806;0;0;0;6,08695652173913043478260869565217391304;74,41304347826086956521739130434782608696;,0817995910020449897750511247443762781186;5,5;83,3;,0660264105642256902761104441776710684274;
0;33;0320106203000001;Fisica;L-30;Scienze e tecnologie fisiche;032006;TRIESTE;2;NORD-EST;2030;3;2021;iC24;Percentuale di abbandoni del CdS dopo N+1 anni**;43;95;,4526315789473684210526315789473684210526;0;0;0;28,09090909090909090909090909090909090909;76,70454545454545454545454545454545454545;,3662222222222222222222222222222222222222;24,7;82;,3012195121951219512195121951219512195122;
0;33;0320106203000001;Fisica;L-30;Scienze e tecnologie fisiche;032006;TRIESTE;2;NORD-EST;2030;3;2021;iC25;Percentuale di laureandi complessivamente soddisfatti del CdS;48;53;,9056603773584905660377358490566037735849;0;0;0;40,76744186046511627906976744186046511628;44,65116279069767441860465116279069767442;,9130208333333333333333333333333333333333;47,6;51,4;,9260700389105058365758754863813229571984;
0;33;0320106203000001;Fisica;L-30;Scienze e tecnologie fisiche;032006;TRIESTE;2;NORD-EST;2030;3;2021;iC27;Rapporto studenti iscritti/docenti complessivo (pesato per le ore di docenza);406;18,67499999999999999999999999999999999998;21,74029451137884872824631860776439089694;0;0;0;271,9375;16,11145833333333333333333333333333333329;16,87851554923385271869140751276912135519;304,3;14,9333333333333333333333333333333333334;20,37723214285714285714285714285714285705;
0;33;0320106203000001;Fisica;L-30;Scienze e tecnologie fisiche;032006;TRIESTE;2;NORD-EST;2030;3;2021;iC28;Rapporto studenti iscritti al primo anno/docenti degli insegnamenti del primo anno (pesato per le ore di docenza);141;5,31666666666666666666666666666666666667;26,52037617554858934169278996865203761754;0;0;0;84,54166666666666666666666666666666666667;5,08767361111111111111111111111111111113;16,61695956321446852073025081044190411187;95,1;4,50583333333333333333333333333333333333;21,10597373774736452746439800258923617534;
0;33;0320106203000001;Fisica;L-30;Scienze e tecnologie fisiche;032006;TRIESTE;2;NORD-EST;2030;3;2022;iC00a;Avvii di carriera al primo anno* (L, LMCU, LM);148;0;148;0;0;0;89,34042553191489361702127659574468085106;0;89,34042553191489361702127659574468085106;94,1;0;94,1;
0;33;0320106203000001;Fisica;L-30;Scienze e tecnologie fisiche;032006;TRIESTE;2;NORD-EST;2030;3;2022;iC00b;Immatricolati puri ** (L, LMCU);127;0;127;0;0;0;74,97872340425531914893617021276595744681;0;74,97872340425531914893617021276595744681;80,3;0;80,3;
0;33;0320106203000001;Fisica;L-30;Scienze e tecnologie fisiche;032006;TRIESTE;2;NORD-EST;2030;3;2022;iC00d;Iscritti (L, LMCU, LM);442;0;442;0;0;0;275,083333333333333333333333333333333333;0;275,083333333333333333333333333333333333;310;0;310;
0;33;0320106203000001;Fisica;L-30;Scienze e tecnologie fisiche;032006;TRIESTE;2;NORD-EST;2030;3;2022;iC00e;Iscritti Regolari ai fini del CSTD (L, LMCU, LM);328;0;328;0;0;0;199,127659574468085106382978723404255319;0;199,127659574468085106382978723404255319;229,2;0;229,2;
0;33;0320106203000001;Fisica;L-30;Scienze e tecnologie fisiche;032006;TRIESTE;2;NORD-EST;2030;3;2022;iC00f;Iscritti Regolari ai fini del CSTD, immatricolati puri ** al CdS in oggetto (L, LMCU, LM);292;0;292;0;0;0;174,255319148936170212765957446808510638;0;174,255319148936170212765957446808510638;204,2;0;204,2;
0;33;0320106203000001;Fisica;L-30;Scienze e tecnologie fisiche;032006;TRIESTE;2;NORD-EST;2030;3;2022;iC00g;laureati (L, LM, LMCU) entro la durata normale del corso*;33;0;33;0;0;0;23,68181818181818181818181818181818181818;0;23,68181818181818181818181818181818181818;30,6;0;30,6;
0;33;0320106203000001;Fisica;L-30;Scienze e tecnologie fisiche;032006;TRIESTE;2;NORD-EST;2030;3;2022;iC00h;laureati (L, LM, LMCU);57;0;57;0;0;0;41,04545454545454545454545454545454545455;0;41,04545454545454545454545454545454545455;49;0;49;
0;33;0320106203000001;Fisica;L-30;Scienze e tecnologie fisiche;032006;TRIESTE;2;NORD-EST;2030;3;2022;iC02;Percentuale di laureati (L, LM, LMCU) entro la durata normale del corso*;33;57;,5789473684210526315789473684210526315789;0;0;0;23,68181818181818181818181818181818181818;41,04545454545454545454545454545454545455;,5769656699889258028792912513842746400885;30,6;49;,6244897959183673469387755102040816326531;
0;33;0320106203000001;Fisica;L-30;Scienze e tecnologie fisiche;032006;TRIESTE;2;NORD-EST;2030;3;2022;iC02BIS;Percentuale di laureati (L, LM, LMCU) entro un anno oltre la durata normale del corso;45;57;,7894736842105263157894736842105263157895;0;0;0;32,22727272727272727272727272727272727273;41,04545454545454545454545454545454545455;,785160575858250276854928017718715393134;39,7;49;,8102040816326530612244897959183673469388;
0;33;0320106203000001;Fisica;L-30;Scienze e tecnologie fisiche;032006;TRIESTE;2;NORD-EST;2030;3;2022;iC03;Percentuale di iscritti al primo anno (L, LMCU) provenienti da altre Regioni*;69;148;,4662162162162162162162162162162162162162;0;0;0;21,4893617021276595744680851063829787234;89,34042553191489361702127659574468085106;,2405334603477018337699452250535841867111;43,6;94,1;,4633368756641870350690754516471838469713;
0;33;0320106203000001;Fisica;L-30;Scienze e tecnologie fisiche;032006;TRIESTE;2;NORD-EST;2030;3;2022;iC05;Rapporto studenti regolari/docenti (professori a tempo indeterminato, ricercatori a tempo indeterminato, ricercatori di tipo a e tipo b)*;328;29;11,31034482758620689655172413793103448276;0;0;0;196,083333333333333333333333333333333333;30,3125;6,46872852233676975945017182130584192439;229,2;28,4;8,0704225352112676056338028169014084507;
0;33;0320106203000001;Fisica;L-30;Scienze e tecnologie fisiche;032006;TRIESTE;2;NORD-EST;2030;3;2022;iC06;Percentuale di Laureati occupati a un anno dal Titolo (L) - Laureati che dichiarano di svolgere un’attività lavorativa o di formazione retribuita;9;42;,2142857142857142857142857142857142857143;0;0;0;6,81395348837209302325581395348837209302;31,97674418604651162790697674418604651163;,213090909090909090909090909090909090909;6,1;36,8;,1657608695652173913043478260869565217391;
0;33;0320106203000001;Fisica;L-30;Scienze e tecnologie fisiche;032006;TRIESTE;2;NORD-EST;2030;3;2022;iC06BIS;Percentuale di Laureati occupati a un anno dal Titolo (L) - laureati che dichiarano di svolgere un’attività lavorativa e regolamentata da un contratto, o di svolgere attività di formazione retribuita;6;40;,15;0;0;0;5,34883720930232558139534883720930232558;31,8372093023255813953488372093023255814;,168005843681519357195032870708546384222;4,9;36,5;,1342465753424657534246575342465753424658;
0;33;0320106203000001;Fisica;L-30;Scienze e tecnologie fisiche;032006;TRIESTE;2;NORD-EST;2030;3;2022;iC06TER;Percentuale di Laureati occupati a un anno dal Titolo (L) – Laureati non impegnati in formazione non retribuita che dichiarano di svolgere un’attività lavorativa e regolamentata da un contratto;6;11;,5454545454545454545454545454545454545455;0;0;0;5,47619047619047619047619047619047619048;8,66666666666666666666666666666666666667;,6318681318681318681318681318681318681321;4,9;7,5;,6533333333333333333333333333333333333333;
0;33;0320106203000001;Fisica;L-30;Scienze e tecnologie fisiche;032006;TRIESTE;2;NORD-EST;2030;3;2022;iC08;Percentuale dei docenti di ruolo che appartengono a settori scientifico-disciplinari (SSD) di base e caratterizzanti per corso di studio (L, LMCU, LM), di cui sono docenti di riferimento;13;13;1;0;0;0;12,22916666666666666666666666666666666667;12,46875;,9807852965747702589807852965747702589811;10,9;11,1;,981981981981981981981981981981981981982;
0;33;0320106203000001;Fisica;L-30;Scienze e tecnologie fisiche;032006;TRIESTE;2;NORD-EST;2030;3;2022;iC11;Percentuale di laureati (L, LM, LMCU) entro la durata normale del corso che hanno acquisito almeno 12 CFU all’estero*;1;33;,0303030303030303030303030303030303030303;0;0;0;,7272727272727272727272727272727272727273;23,68181818181818181818181818181818181818;,0307101727447216890595009596928982725528;1,6;30,6;,0522875816993464052287581699346405228758;
0;33;0320106203000001;Fisica;L-30;Scienze e tecnologie fisiche;032006;TRIESTE;2;NORD-EST;2030;3;2022;iC12;Percentuale di studenti iscritti al primo anno del corso di laurea (L) e laurea magistrale (LM, LMCU) che hanno conseguito il precedente titolo di studio all’estero*;3;148;,0202702702702702702702702702702702702703;0;0;0;1,97872340425531914893617021276595744681;89,34042553191489361702127659574468085106;,0221481305072636341986187187425577518457;2,3;94,1;,0244420828905419766206163655685441020191;
0;33;0320106203000001;Fisica;L-30;Scienze e tecnologie fisiche;032006;TRIESTE;2;NORD-EST;2030;3;2022;iC18;Percentuale di laureati che si iscriverebbero di nuovo allo stesso corso di studio;50;57;,8771929824561403508771929824561403508772;0;0;0;32,09302325581395348837209302325581395349;39,88372093023255813953488372093023255814;,8046647230320699708454810495626822157435;35,5;45,7;,7768052516411378555798687089715536105033;
0;33;0320106203000001;Fisica;L-30;Scienze e tecnologie fisiche;032006;TRIESTE;2;NORD-EST;2030;3;2022;iC19;Ore di docenza erogata da docenti assunti a tempo indeterminato sul totale delle ore di docenza erogata;1574;2126;,7403574788334901222953904045155221072437;0;0;0;1543,979166666666666666666666666666666667;2071,085416666666666666666666666666666667;,7454927518883516191690951101525870593218;1475,3;1980,4;,7449505150474651585538275095940214098162;
0;33;0320106203000001;Fisica;L-30;Scienze e tecnologie fisiche;032006;TRIESTE;2;NORD-EST;2030;3;2022;iC19BIS;Ore di docenza erogata da docenti assunti a tempo indeterminato e ricercatori a tempo determinato di tipo B sul totale delle ore di docenza erogata;1776;2126;,835371589840075258701787394167450611477;0;0;0;1679,291666666666666666666666666666666667;2071,085416666666666666666666666666666667;,8108268510573662562203192569113820148654;1611,8;1980,4;,8138759846495657442940820036356291658251;
0;33;0320106203000001;Fisica;L-30;Scienze e tecnologie fisiche;032006;TRIESTE;2;NORD-EST;2030;3;2022;iC19TER;Ore di docenza erogata da docenti assunti a tempo indeterminato e ricercatori a tempo determinato di tipo A e B sul totale delle ore di docenza;1934;2126;,9096895578551269990592662276575729068674;0;0;0;1777,625;2071,085416666666666666666666666666666667;,8583059808614846683653197146021460164305;1692,5;1980,4;,8546253282165219147646940012118763886084;
0;33;0320106203000001;Fisica;L-30;Scienze e tecnologie fisiche;032006;TRIESTE;2;NORD-EST;2030;3;2022;iC25;Percentuale di laureandi complessivamente soddisfatti del CdS;51;57;,8947368421052631578947368421052631578947;0;0;0;36,88372093023255813953488372093023255814;39,88372093023255813953488372093023255814;,924781341107871720116618075801749271137;40,7;45,7;,8905908096280087527352297592997811816193;
0;33;0320106203000001;Fisica;L-30;Scienze e tecnologie fisiche;032006;TRIESTE;2;NORD-EST;2030;3;2022;iC27;Rapporto studenti iscritti/docenti complessivo (pesato per le ore di docenza);442;17,71666666666666666666666666666666666667;24,94825964252116650987770460959548447789;0;0;0;276,833333333333333333333333333333333333;16,7692708333333333333333333333333333334;16,50837034506320464639562692176289716425;310;15,655;19,8019801980198019801980198019801980198;
0;33;0320106203000001;Fisica;L-30;Scienze e tecnologie fisiche;032006;TRIESTE;2;NORD-EST;2030;3;2022;iC28;Rapporto studenti iscritti al primo anno/docenti degli insegnamenti del primo anno (pesato per le ore di docenza);144;5,21666666666666666666666666666666666667;27,60383386581469648562300319488817891372;0;0;0;88,22916666666666666666666666666666666667;5,46961805555555555555555555555555555563;16,13077289319155689573083637517854308818;92,1;5,0625;18,19259259259259259259259259259259259259;